
{
  "id": 1,
  "title": "Convocadas oposiciones al cuerpo informático de JCYL",
  "description": "Convocados grupos I, II y III con 12, 24 y 14 plazas respectivamente,",
  "date": "20 mayo, 2025",
  "category": "Oposiciones",
  "content": "<p>El pasado día 16 de mayo se publicó en BOCYL la convocatoria para grupos I, II y III de informática correspondientes a las OPEs de 2022 a 2024. Al unificar las OPE's de 2022 a 2024 la número de plazas convocadas ha aumentado sustancialmente.<br><br> Como novedad, este año se han actualizado los temarios y adaptado las normas y tiempos de examen.<br><br> Más info en: <link>https://empleopublico.jcyl.es/web/es/empleo-publico/convocatorias.html</link></p>"
}
