
{
  "id": 3,
  "title": "Contacto con Función Pública",
  "description": "Hemos contactado con la D.G. de Función Pública con vista a mantener una primera reunión",
  "date": "20 mayo, 2025",
  "category": "Eventos",
  "content": "<p>Recientemente hemos contactado con la D.G. de Función Pública con el objetivo de reunirnos para, como hicimos con la D.G. de Telecomunicaciones, presentar la asociación, exponer la problemática que afecta al colectivo y poner nuestra función en valor como soporte fundamental del funcionamiento de la administración.</p>"
}
