
{
  "id": 2,
  "title": "Asamblea General APIACYL",
  "description": "El próximo día 2 de Junio a celebramos nuestra primera Asamblea General",
  "date": "20 mayo, 2025",
  "category": "Asamblea",
  "content": "<p>Nos complace anunciar que la asociación celebrará su primera asamblea general el día 2 de junio a las 18:00 horas en el CC. José Luis Mosquera (Huerta del Rey).<br><br> En ella además de tratar los temas que nos afectan, se renovará la junta directiva.<br><br> Es importante para el futuro de la asociación que asistáis si os es posible.<br><br>¡Os esperamos!</p>"
}
